{"rmse": 8.884183960416056, "mean": 7.407888443613807, "median": 5.905771811611202, "std": 4.904275017725547, "min": 0.426326779038123, "max": 20.887805414561058, "sse": 293930.5705687218}